comparison,mean_jaccard
0.5 vs 1.0,0.4727272727272728
1.0 vs 1.5,0.4642857142857143
0.5 vs 1.5,0.6237096237096237
