cluster_res1,best_match_res2,jaccard_score
0,0,0.3333333333333333
1,2,0.42857142857142855
2,4,0.5384615384615384
3,3,1.0
4,7,0.8181818181818182
